Old,New
SC0199_nextpolish,SC0199
SC0203_flyenextpolish,SC0203
SC0037_nextpolish,SC0037
SC0650_flye_nextpolish,SC0650
SC0134_flye_nextpolish,SC0134
SC0028_nextpolish,SC0028
SC1521_nextpolish,SC1521
SC0417_flye_nextpolish,SC0417
SC1320_nextpolish,SC1320
SC0082_nextpolish,SC0082
SC0567_nextpolish,SC0567
SC0119_nextpolish,SC0119
SC0031_nextpolish,SC0031
SC0227_nextpolish,SC0227
SC1210_nextpolish,SC1210
SC0014_nextpolish,SC0014
SC0222_nextpolish,SC0222
SC0600_flye_nextpolish,SC0600
SC0212_nextpolish,SC0212
SC0583_nextpolish,SC0583
SC1622_nextpolish,SC1622
SC0963_nextpolish,SC0963
SC1437_nextpolish,SC1437
SC0109_nextpolish,SC0109
SC0154_unicycler,SC0154
SC0841_nextpolish,SC0841
SC1586_unicycler,SC1586
SC0436_nextpolish,SC0436
SC0733_nextpolish,SC0733
SC0158_nextpolish,SC0158
SC0354_nextpolish,SC0354
SC0592_nextpolish,SC0592
SC1667_nextpolish,SC1667
SC0580_nextpolish,SC0580
SC1620_nextpolish,SC1620
SC0088_nextpolish,SC0088
SC1449_nextpolish,SC1449
SC1597_nextpolish,SC1597
SC0083_unicycler,SC0083
SC0084_nextpolish,SC0084
SC1272_nextpolish,SC1272
SC0250_nextpolish,SC0250
SC1689_nextpolish,SC1689
SC1706_nextpolish,SC1706
SC1707_nextpolish,SC1707
SC1380_nextpolish,SC1380
SC0909_nextpolish,SC0909
SC0682_flyenextpolish,SC0682
SC0853_nextpolish,SC0853
SC1065_nextpolish,SC1065
SC0941_flyenextpolish,SC0941
SC0987_unicycler,SC0987
SC1718_unicycler,SC1718
SC0947_flye_nextpolish,SC0947
SC0391_nextpolish,SC0391
SC0388_nextpolish,SC0388
SC0001_nextpolish,SC0001
SC1235_nextpolish,SC1235
SC1704_nextpolish,SC1704
SC0089_nextpolish,SC0089
SC1426_nextpolish,SC1426
SC0017_nextpolish,SC0017
SC0058_nextpolish,SC0058
SC1268_nextpolish,SC1268
